{
	"credit": "Made with Blockbench",
	"ambientocclusion": false,
	"textures": {
		"3": "block/soul_torch0",
		"4": "block/blue",
		"5": "block/soul_torch3",
		"slab": "block/smooth_stone",
		"particle": "block/comparator_on",
		"top": "block/comparator_on"
	},
	"elements": [
		{
			"from": [0, 0, 0],
			"to": [16, 2, 16],
			"faces": {
				"north": {"uv": [0, 14, 16, 16], "texture": "#slab", "cullface": "north"},
				"east": {"uv": [0, 14, 16, 16], "texture": "#slab", "cullface": "east"},
				"south": {"uv": [0, 14, 16, 16], "texture": "#slab", "cullface": "south"},
				"west": {"uv": [0, 14, 16, 16], "texture": "#slab", "cullface": "west"},
				"up": {"uv": [0, 0, 16, 16], "texture": "#top"},
				"down": {"uv": [0, 0, 16, 16], "texture": "#slab", "cullface": "down"}
			}
		},
		{
			"from": [4, 7, 11],
			"to": [6, 7, 13],
			"faces": {
				"up": {"uv": [7, 6, 9, 8], "texture": "#5"}
			}
		},
		{
			"from": [4, 2, 10],
			"to": [6, 8, 14],
			"faces": {
				"east": {"uv": [6, 5, 10, 11], "texture": "#5"},
				"west": {"uv": [6, 5, 10, 11], "texture": "#5"}
			}
		},
		{
			"from": [3, 2, 11],
			"to": [7, 8, 13],
			"faces": {
				"north": {"uv": [6, 5, 10, 11], "texture": "#5"},
				"south": {"uv": [6, 5, 10, 11], "texture": "#5"}
			}
		},
		{
			"from": [10, 7, 11],
			"to": [12, 7, 13],
			"faces": {
				"up": {"uv": [7, 6, 9, 8], "texture": "#5"}
			}
		},
		{
			"from": [10, 2, 10],
			"to": [12, 8, 14],
			"faces": {
				"east": {"uv": [6, 5, 10, 11], "texture": "#5"},
				"west": {"uv": [6, 5, 10, 11], "texture": "#5"}
			}
		},
		{
			"from": [9, 2, 11],
			"to": [13, 8, 13],
			"faces": {
				"north": {"uv": [6, 5, 10, 11], "texture": "#5"},
				"south": {"uv": [6, 5, 10, 11], "texture": "#5"}
			}
		},
		{
			"from": [7, 2, 2],
			"to": [9, 4, 4],
			"rotation": {"angle": 0, "axis": "y", "origin": [8, 7, 8]},
			"faces": {
				"north": {"uv": [7, 6, 9, 8], "texture": "#3"},
				"east": {"uv": [7, 6, 9, 8], "texture": "#3"},
				"south": {"uv": [7, 6, 9, 8], "texture": "#3"},
				"west": {"uv": [7, 6, 9, 8], "texture": "#3"},
				"up": {"uv": [7, 6, 9, 8], "texture": "#3"}
			}
		},
		{
			"from": [11, 2.01, 4],
			"to": [14, 2.01, 5],
			"rotation": {"angle": 0, "axis": "y", "origin": [19, 10.01, 12]},
			"faces": {
				"north": {"uv": [0, 0, 3, 0], "texture": "#missing"},
				"east": {"uv": [0, 0, 1, 0], "texture": "#missing"},
				"south": {"uv": [0, 0, 3, 0], "texture": "#missing"},
				"west": {"uv": [0, 0, 1, 0], "texture": "#missing"},
				"up": {"uv": [10, 4, 13, 5], "texture": "#4"},
				"down": {"uv": [0, 0, 3, 1], "texture": "#missing"}
			}
		}
	]
}