{
	"credit": "Made with Blockbench",
	"textures": {
		"2": "block/sculk_sensor/ss04"
	},
	"elements": [
		{
			
			"from": [14.5, 8, 6],
			"to": [14.5, 12, 10],
			"rotation": {"angle": 0, "axis": "y", "origin": [14.5, 10, 8]},
			"faces": {
				"north": {"uv": [0, 0, 0, 0], "rotation": 270, "texture": "#missing"},
				"east": {"uv": [0, 0, 16, 16], "texture": "#2"},
				"south": {"uv": [0, 0, 0, 0], "rotation": 90, "texture": "#missing"},
				"west": {"uv": [0, 0, 2, 2], "rotation": 180, "texture": "#2"},
				"up": {"uv": [0, 0, 0, 0], "rotation": 90, "texture": "#missing"},
				"down": {"uv": [0, 0, 0, 0], "rotation": 90, "texture": "#missing"}
			}
		},
		{
			"from": [6, 8, -0.5],
			"to": [10, 12, -0.5],
			"rotation": {"angle": 0, "axis": "y", "origin": [8, 10, -0.5]},
			"faces": {
				"north": {"uv": [0, 0, 16, 16], "texture": "#2"},
				"east": {"uv": [0, 0, 0, 16], "rotation": 90, "texture": "#missing"},
				"south": {"uv": [0, 0, 2, 2], "rotation": 180, "texture": "#2"},
				"west": {"uv": [0, 0, 0, 16], "rotation": 270, "texture": "#missing"},
				"up": {"uv": [0, 0, 0, 16], "texture": "#missing"},
				"down": {"uv": [0, 0, 0, 16], "rotation": 180, "texture": "#missing"}
			}
		},
		{
			"from": [0.06066, 8, 6.45406],
			"to": [0.06066, 12, 10.45406],
			"rotation": {"angle": 0, "axis": "y", "origin": [0.06066, 10, 8.45406]},
			"faces": {
				"north": {"uv": [0, 0, 0, 0], "rotation": 90, "texture": "#missing"},
				"east": {"uv": [0, 0, 2, 2], "rotation": 180, "texture": "#2"},
				"south": {"uv": [0, 0, 0, 0], "rotation": 270, "texture": "#missing"},
				"west": {"uv": [0, 0, 16, 16], "texture": "#2"},
				"up": {"uv": [0, 0, 0, 0], "rotation": 270, "texture": "#missing"},
				"down": {"uv": [0, 0, 0, 0], "rotation": 270, "texture": "#missing"}
			}
		},
		{
			"from": [6, 8, 15.5],
			"to": [10, 12, 15.5],
			"rotation": {"angle": 0, "axis": "y", "origin": [8, 10, 15.5]},
			"faces": {
				"north": {"uv": [0, 0, 2, 2], "rotation": 180, "texture": "#2"},
				"east": {"uv": [0, 0, 0, 0], "rotation": 270, "texture": "#missing"},
				"south": {"uv": [0, 0, 16, 16], "texture": "#2"},
				"west": {"uv": [0, 0, 0, 0], "rotation": 90, "texture": "#missing"},
				"up": {"uv": [0, 0, 0, 0], "rotation": 180, "texture": "#missing"},
				"down": {"uv": [0, 0, 0, 0], "texture": "#missing"}
			}
		}
	]
}