{
  "multipart": [
    {"when": {"sculk_sensor_phase": "active"},
     "apply": {"model": "minecraft:block/sculk_sensor_active"}
        },
    {"when": {"sculk_sensor_phase": "cooldown"},
     "apply": {"model": "minecraft:block/sculk_sensor_active"}
        },
    {"when": {"sculk_sensor_phase": "inactive"      },
     "apply": {"model": "minecraft:block/sculk_sensor_inactive"}
        },
    {   "when": { "power": "1" },
       "apply": { "model": "block/sculk_sensor/ss01" }
        },
    {   "when": { "power": "2" },
       "apply": { "model": "block/sculk_sensor/ss02" }
        },
    {   "when": { "power": "3" },
       "apply": { "model": "block/sculk_sensor/ss03" }
        },
    {   "when": { "power": "4" },
       "apply": { "model": "block/sculk_sensor/ss04" }
        },
    {   "when": { "power": "5" },
       "apply": { "model": "block/sculk_sensor/ss05" }
        },
    {   "when": { "power": "6" },
       "apply": { "model": "block/sculk_sensor/ss06" }
        },
    {   "when": { "power": "7" },
       "apply": { "model": "block/sculk_sensor/ss07" }
        },
    {   "when": { "power": "8" },
       "apply": { "model": "block/sculk_sensor/ss08" }
        },
    {   "when": { "power": "9" },
       "apply": { "model": "block/sculk_sensor/ss09" }
        },
    {   "when": { "power": "10" },
       "apply": { "model": "block/sculk_sensor/ss10" }
        },
    {   "when": { "power": "11" },
       "apply": { "model": "block/sculk_sensor/ss11" }
        },
    {   "when": { "power": "12" },
       "apply": { "model": "block/sculk_sensor/ss12" }
        },
    {   "when": { "power": "13" },
       "apply": { "model": "block/sculk_sensor/ss13" }
        },
    {   "when": { "power": "14" },
       "apply": { "model": "block/sculk_sensor/ss14" }
        },
    {   "when": { "power": "15" },
       "apply": { "model": "block/sculk_sensor/ss15" }
        }
    
  ]
}