{
	"credit": "Made with Blockbench",
	"textures": {
		"1": "block/tripwire0",
		"particle": "#texture"
	},
	"elements": [
		{
			"from": [2, 0, 2],
			"to": [14, 0.5, 14],
			"faces": {
				"north": {"uv": [1, 15, 13, 15.5], "texture": "#texture"},
				"east": {"uv": [1, 15, 13, 15.5], "texture": "#texture"},
				"south": {"uv": [1, 15, 13, 15.5], "texture": "#texture"},
				"west": {"uv": [1, 15, 13, 15.5], "texture": "#texture"},
				"up": {"uv": [1, 1, 13, 13], "texture": "#texture"},
				"down": {"uv": [1, 1, 13, 13], "texture": "#texture", "cullface": "down"}
			}
		},
		{
			"from": [1, 0, 1],
			"to": [2, 0.5, 14],
			"rotation": {"angle": 0, "axis": "y", "origin": [9, 8, 9]},
			"faces": {
				"north": {"uv": [0, 0, 1, 0.5], "texture": "#texture"},
				"east": {"uv": [0, 0, 13, 0.5], "texture": "#texture"},
				"south": {"uv": [0, 0, 1, 0.5], "texture": "#missing"},
				"west": {"uv": [0, 0, 13, 0.5], "texture": "#texture"},
				"up": {"uv": [0, 0, 1, 13], "texture": "#1"},
				"down": {"uv": [0, 0, 1, 13], "texture": "#1"}
			}
		},
		{
			"from": [1, 0, 14],
			"to": [14, 0.5, 15],
			"rotation": {"angle": 0, "axis": "y", "origin": [9, 8, 22]},
			"faces": {
				"north": {"uv": [0, 0, 13, 0.5], "texture": "#texture"},
				"east": {"uv": [0, 0, 1, 0.5], "texture": "#missing"},
				"south": {"uv": [0, 0, 13, 0.5], "texture": "#texture"},
				"west": {"uv": [0, 0, 1, 0.5], "texture": "#texture"},
				"up": {"uv": [0, 0, 13, 1], "texture": "#1"},
				"down": {"uv": [0, 0, 13, 1], "texture": "#1"}
			}
		},
		{
			"from": [14, 0, 2],
			"to": [15, 0.5, 15],
			"rotation": {"angle": 0, "axis": "y", "origin": [22, 8, 22]},
			"faces": {
				"north": {"uv": [0, 0, 1, 0.5], "texture": "#missing"},
				"east": {"uv": [0, 0, 13, 0.5], "texture": "#texture"},
				"south": {"uv": [0, 0, 1, 0.5], "texture": "#texture"},
				"west": {"uv": [0, 0, 13, 0.5], "texture": "#texture"},
				"up": {"uv": [0, 0, 1, 13], "texture": "#1"},
				"down": {"uv": [0, 0, 1, 13], "texture": "#1"}
			}
		},
		{
			"from": [2, 0, 1],
			"to": [15, 0.5, 2],
			"rotation": {"angle": 0, "axis": "y", "origin": [22, 8, 9]},
			"faces": {
				"north": {"uv": [0, 0, 13, 0.5], "texture": "#texture"},
				"east": {"uv": [0, 0, 1, 0.5], "texture": "#texture"},
				"south": {"uv": [0, 0, 13, 0.5], "texture": "#texture"},
				"west": {"uv": [0, 0, 1, 0.5], "texture": "#missing"},
				"up": {"uv": [0, 0, 13, 1], "texture": "#1"},
				"down": {"uv": [0, 0, 13, 1], "texture": "#1"}
			}
		}
	]
}