{
	"credit": "Made with Blockbench",
	"ambientocclusion": false,
	"textures": {
		"4": "block/soul_torch1",
		"5": "block/blue",
		"slab": "block/smooth_stone",
		"particle": "block/comparator",
		"top": "block/comparator",
		"unlit": "block/redstone_torch_off"
	},
	"elements": [
		{
			"from": [0, 0, 0],
			"to": [16, 2, 16],
			"faces": {
				"north": {"uv": [0, 14, 16, 16], "texture": "#slab", "cullface": "north"},
				"east": {"uv": [0, 14, 16, 16], "texture": "#slab", "cullface": "east"},
				"south": {"uv": [0, 14, 16, 16], "texture": "#slab", "cullface": "south"},
				"west": {"uv": [0, 14, 16, 16], "texture": "#slab", "cullface": "west"},
				"up": {"uv": [0, 0, 16, 16], "texture": "#top"},
				"down": {"uv": [0, 0, 16, 16], "texture": "#slab", "cullface": "down"}
			}
		},
		{
			"from": [4, 2, 11],
			"to": [6, 7, 13],
			"faces": {
				"north": {"uv": [7, 6, 9, 11], "texture": "#4"},
				"east": {"uv": [7, 6, 9, 11], "texture": "#4"},
				"south": {"uv": [7, 6, 9, 11], "texture": "#4"},
				"west": {"uv": [7, 6, 9, 11], "texture": "#4"},
				"up": {"uv": [7, 6, 9, 8], "texture": "#4"},
				"down": {"uv": [7, 13, 9, 15], "texture": "#unlit"}
			}
		},
		{
			"from": [10, 2, 11],
			"to": [12, 7, 13],
			"faces": {
				"north": {"uv": [7, 6, 9, 11], "texture": "#4"},
				"east": {"uv": [7, 6, 9, 11], "texture": "#4"},
				"south": {"uv": [7, 6, 9, 11], "texture": "#4"},
				"west": {"uv": [7, 6, 9, 11], "texture": "#4"},
				"up": {"uv": [7, 6, 9, 8], "texture": "#4"},
				"down": {"uv": [7, 13, 9, 15], "texture": "#unlit"}
			}
		},
		{
			"from": [7, 2, 2],
			"to": [9, 4, 4],
			"rotation": {"angle": 0, "axis": "y", "origin": [8, 7, 8]},
			"faces": {
				"north": {"uv": [7, 6, 9, 8], "texture": "#4"},
				"east": {"uv": [7, 6, 9, 8], "texture": "#4"},
				"south": {"uv": [7, 6, 9, 8], "texture": "#4"},
				"west": {"uv": [7, 6, 9, 8], "texture": "#4"},
				"up": {"uv": [7, 6, 9, 8], "texture": "#4"}
			}
		},
		{
			"from": [11, 2.01, 4],
			"to": [14, 2.01, 5],
			"rotation": {"angle": 0, "axis": "y", "origin": [19, 10.01, 12]},
			"faces": {
				"north": {"uv": [0, 0, 3, 0], "texture": "#missing"},
				"east": {"uv": [0, 0, 1, 0], "texture": "#missing"},
				"south": {"uv": [0, 0, 3, 0], "texture": "#missing"},
				"west": {"uv": [0, 0, 1, 0], "texture": "#missing"},
				"up": {"uv": [0, 3, 3, 4], "texture": "#5"},
				"down": {"uv": [0, 0, 3, 1], "texture": "#missing"}
			}
		}
	]
}