{
  "variants": {
    "facing=east,honey_level=0": {
      "y": 90,
      "model": "minecraft:block/beehive/beehive"
    },
    "facing=east,honey_level=1": {
      "y": 90,
      "model": "minecraft:block/beehive/beehive1"
    },
    "facing=east,honey_level=2": {
      "y": 90,
      "model": "minecraft:block/beehive/beehive2"
    },
    "facing=east,honey_level=3": {
      "y": 90,
      "model": "minecraft:block/beehive/beehive3"
    },
    "facing=east,honey_level=4": {
      "y": 90,
      "model": "minecraft:block/beehive/beehive4"
    },
    "facing=east,honey_level=5": {
      "y": 90,
      "model": "minecraft:block/beehive/beehive_honey"
    },
    "facing=north,honey_level=0": {
      "model": "minecraft:block/beehive/beehive"
    },
    "facing=north,honey_level=1": {
      "model": "minecraft:block/beehive/beehive1"
    },
    "facing=north,honey_level=2": {
      "model": "minecraft:block/beehive/beehive2"
    },
    "facing=north,honey_level=3": {
      "model": "minecraft:block/beehive/beehive3"
    },
    "facing=north,honey_level=4": {
      "model": "minecraft:block/beehive/beehive4"
    },
    "facing=north,honey_level=5": {
      "model": "minecraft:block/beehive/beehive_honey"
    },
    "facing=south,honey_level=0": {
      "y": 180,
      "model": "minecraft:block/beehive/beehive"
    },
    "facing=south,honey_level=1": {
      "y": 180,
      "model": "minecraft:block/beehive/beehive1"
    },
    "facing=south,honey_level=2": {
      "y": 180,
      "model": "minecraft:block/beehive/beehive2"
    },
    "facing=south,honey_level=3": {
      "y": 180,
      "model": "minecraft:block/beehive/beehive3"
    },
    "facing=south,honey_level=4": {
      "y": 180,
      "model": "minecraft:block/beehive/beehive4"
    },
    "facing=south,honey_level=5": {
      "y": 180,
      "model": "minecraft:block/beehive/beehive_honey"
    },
    "facing=west,honey_level=0": {
      "y": 270,
      "model": "minecraft:block/beehive/beehive"
    },
    "facing=west,honey_level=1": {
      "y": 270,
      "model": "minecraft:block/beehive/beehive1"
    },
    "facing=west,honey_level=2": {
      "y": 270,
      "model": "minecraft:block/beehive/beehive2"
    },
    "facing=west,honey_level=3": {
      "y": 270,
      "model": "minecraft:block/beehive/beehive3"
    },
    "facing=west,honey_level=4": {
      "y": 270,
      "model": "minecraft:block/beehive/beehive4"
    },
    "facing=west,honey_level=5": {
      "y": 270,
      "model": "minecraft:block/beehive/beehive_honey"
    }
  }
}