{
  "variants": {
    "facing=east,honey_level=0": {
      "y": 90,
      "model": "minecraft:block/bee_nest/bee_nest"
    },
    "facing=east,honey_level=1": {
      "y": 90,
      "model": "minecraft:block/bee_nest/bee_nest1"
    },
    "facing=east,honey_level=2": {
      "y": 90,
      "model": "minecraft:block/bee_nest/bee_nest2"
    },
    "facing=east,honey_level=3": {
      "y": 90,
      "model": "minecraft:block/bee_nest/bee_nest3"
    },
    "facing=east,honey_level=4": {
      "y": 90,
      "model": "minecraft:block/bee_nest/bee_nest4"
    },
    "facing=east,honey_level=5": {
      "y": 90,
      "model": "minecraft:block/bee_nest/bee_nest_honey"
    },
    "facing=north,honey_level=0": {
      "model": "minecraft:block/bee_nest/bee_nest"
    },
    "facing=north,honey_level=1": {
      "model": "minecraft:block/bee_nest/bee_nest1"
    },
    "facing=north,honey_level=2": {
      "model": "minecraft:block/bee_nest/bee_nest2"
    },
    "facing=north,honey_level=3": {
      "model": "minecraft:block/bee_nest/bee_nest3"
    },
    "facing=north,honey_level=4": {
      "model": "minecraft:block/bee_nest/bee_nest4"
    },
    "facing=north,honey_level=5": {
      "model": "minecraft:block/bee_nest/bee_nest_honey"
    },
    "facing=south,honey_level=0": {
      "y": 180,
      "model": "minecraft:block/bee_nest/bee_nest"
    },
    "facing=south,honey_level=1": {
      "y": 180,
      "model": "minecraft:block/bee_nest/bee_nest1"
    },
    "facing=south,honey_level=2": {
      "y": 180,
      "model": "minecraft:block/bee_nest/bee_nest2"
    },
    "facing=south,honey_level=3": {
      "y": 180,
      "model": "minecraft:block/bee_nest/bee_nest3"
    },
    "facing=south,honey_level=4": {
      "y": 180,
      "model": "minecraft:block/bee_nest/bee_nest4"
    },
    "facing=south,honey_level=5": {
      "y": 180,
      "model": "minecraft:block/bee_nest/bee_nest_honey"
    },
    "facing=west,honey_level=0": {
      "y": 270,
      "model": "minecraft:block/bee_nest/bee_nest"
    },
    "facing=west,honey_level=1": {
      "y": 270,
      "model": "minecraft:block/bee_nest/bee_nest1"
    },
    "facing=west,honey_level=2": {
      "y": 270,
      "model": "minecraft:block/bee_nest/bee_nest2"
    },
    "facing=west,honey_level=3": {
      "y": 270,
      "model": "minecraft:block/bee_nest/bee_nest3"
    },
    "facing=west,honey_level=4": {
      "y": 270,
      "model": "minecraft:block/bee_nest/bee_nest4"
    },
    "facing=west,honey_level=5": {
      "y": 270,
      "model": "minecraft:block/bee_nest/bee_nest_honey"
    }
  }
}