{
  "variants": {
    "attached=false,powered=false,east=false,north=false,south=false,west=false": {
      "model": "minecraft:block/tripwire_ns"
    },
    "attached=false,powered=false,east=false,north=false,south=false,west=true": {
      "model": "minecraft:block/tripwire_n",
      "y": 270
    },
    "attached=false,powered=false,east=false,north=false,south=true,west=false": {
      "model": "minecraft:block/tripwire_n",
      "y": 180
    },
    "attached=false,powered=false,east=false,north=false,south=true,west=true": {
      "model": "minecraft:block/tripwire_ne",
      "y": 180
    },
    "attached=false,powered=false,east=false,north=true,south=false,west=false": {
      "model": "minecraft:block/tripwire_n"
    },
    "attached=false,powered=false,east=false,north=true,south=false,west=true": {
      "model": "minecraft:block/tripwire_ne",
      "y": 270
    },
    "attached=false,powered=false,east=false,north=true,south=true,west=false": {
      "model": "minecraft:block/tripwire_ns"
    },
    "attached=false,powered=false,east=false,north=true,south=true,west=true": {
      "model": "minecraft:block/tripwire_nse",
      "y": 180
    },
    "attached=false,powered=false,east=true,north=false,south=false,west=false": {
      "model": "minecraft:block/tripwire_n",
      "y": 90
    },
    "attached=false,powered=false,east=true,north=false,south=false,west=true": {
      "model": "minecraft:block/tripwire_ns",
      "y": 90
    },
    "attached=false,powered=false,east=true,north=false,south=true,west=false": {
      "model": "minecraft:block/tripwire_ne",
      "y": 90
    },
    "attached=false,powered=false,east=true,north=false,south=true,west=true": {
      "model": "minecraft:block/tripwire_nse",
      "y": 90
    },
    "attached=false,powered=false,east=true,north=true,south=false,west=false": {
      "model": "minecraft:block/tripwire_ne"
    },
    "attached=false,powered=false,east=true,north=true,south=false,west=true": {
      "model": "minecraft:block/tripwire_nse",
      "y": 270
    },
    "attached=false,powered=false,east=true,north=true,south=true,west=false": {
      "model": "minecraft:block/tripwire_nse"
    },
    "attached=false,powered=false,east=true,north=true,south=true,west=true": {
      "model": "minecraft:block/tripwire_nsew"
    },
    "attached=true,powered=false,east=false,north=false,south=false,west=false": {
      "model": "minecraft:block/tripwire_attached_ns"
    },
    "attached=true,powered=false,east=false,north=false,south=false,west=true": {
      "model": "minecraft:block/tripwire_attached_n",
      "y": 270
    },
    "attached=true,powered=false,east=false,north=false,south=true,west=false": {
      "model": "minecraft:block/tripwire_attached_n",
      "y": 180
    },
    "attached=true,powered=false,east=false,north=false,south=true,west=true": {
      "model": "minecraft:block/tripwire_attached_ne",
      "y": 180
    },
    "attached=true,powered=false,east=false,north=true,south=false,west=false": {
      "model": "minecraft:block/tripwire_attached_n"
    },
    "attached=true,powered=false,east=false,north=true,south=false,west=true": {
      "model": "minecraft:block/tripwire_attached_ne",
      "y": 270
    },
    "attached=true,powered=false,east=false,north=true,south=true,west=false": {
      "model": "minecraft:block/tripwire_attached_ns"
    },
    "attached=true,powered=false,east=false,north=true,south=true,west=true": {
      "model": "minecraft:block/tripwire_attached_nse",
      "y": 180
    },
    "attached=true,powered=false,east=true,north=false,south=false,west=false": {
      "model": "minecraft:block/tripwire_attached_n",
      "y": 90
    },
    "attached=true,powered=false,east=true,north=false,south=false,west=true": {
      "model": "minecraft:block/tripwire_attached_ns",
      "y": 90
    },
    "attached=true,powered=false,east=true,north=false,south=true,west=false": {
      "model": "minecraft:block/tripwire_attached_ne",
      "y": 90
    },
    "attached=true,powered=false,east=true,north=false,south=true,west=true": {
      "model": "minecraft:block/tripwire_attached_nse",
      "y": 90
    },
    "attached=true,powered=false,east=true,north=true,south=false,west=false": {
      "model": "minecraft:block/tripwire_attached_ne"
    },
    "attached=true,powered=false,east=true,north=true,south=false,west=true": {
      "model": "minecraft:block/tripwire_attached_nse",
      "y": 270
    },
    "attached=true,powered=false,east=true,north=true,south=true,west=false": {
      "model": "minecraft:block/tripwire_attached_nse"
    },
    "attached=true,powered=false,east=true,north=true,south=true,west=true": {
      "model": "minecraft:block/tripwire_attached_nsew"
    },





    "attached=false,powered=true,east=false,north=false,south=false,west=false": {
      "model": "minecraft:block/tripwire_ns0"
    },
    "attached=false,powered=true,east=false,north=false,south=false,west=true": {
      "model": "minecraft:block/tripwire_n0",
      "y": 270
    },
    "attached=false,powered=true,east=false,north=false,south=true,west=false": {
      "model": "minecraft:block/tripwire_n0",
      "y": 180
    },
    "attached=false,powered=true,east=false,north=false,south=true,west=true": {
      "model": "minecraft:block/tripwire_ne0",
      "y": 180
    },
    "attached=false,powered=true,east=false,north=true,south=false,west=false": {
      "model": "minecraft:block/tripwire_n0"
    },
    "attached=false,powered=true,east=false,north=true,south=false,west=true": {
      "model": "minecraft:block/tripwire_ne0",
      "y": 270
    },
    "attached=false,powered=true,east=false,north=true,south=true,west=false": {
      "model": "minecraft:block/tripwire_ns0"
    },
    "attached=false,powered=true,east=false,north=true,south=true,west=true": {
      "model": "minecraft:block/tripwire_nse0",
      "y": 180
    },
    "attached=false,powered=true,east=true,north=false,south=false,west=false": {
      "model": "minecraft:block/tripwire_n0",
      "y": 90
    },
    "attached=false,powered=true,east=true,north=false,south=false,west=true": {
      "model": "minecraft:block/tripwire_ns0",
      "y": 90
    },
    "attached=false,powered=true,east=true,north=false,south=true,west=false": {
      "model": "minecraft:block/tripwire_ne0",
      "y": 90
    },
    "attached=false,powered=true,east=true,north=false,south=true,west=true": {
      "model": "minecraft:block/tripwire_nse0",
      "y": 90
    },
    "attached=false,powered=true,east=true,north=true,south=false,west=false": {
      "model": "minecraft:block/tripwire_ne0"
    },
    "attached=false,powered=true,east=true,north=true,south=false,west=true": {
      "model": "minecraft:block/tripwire_nse0",
      "y": 270
    },
    "attached=false,powered=true,east=true,north=true,south=true,west=false": {
      "model": "minecraft:block/tripwire_nse0"
    },
    "attached=false,powered=true,east=true,north=true,south=true,west=true": {
      "model": "minecraft:block/tripwire_nsew0"
    },
    "attached=true,powered=true,east=false,north=false,south=false,west=false": {
      "model": "minecraft:block/tripwire_attached_ns0"
    },
    "attached=true,powered=true,east=false,north=false,south=false,west=true": {
      "model": "minecraft:block/tripwire_attached_n0",
      "y": 270
    },
    "attached=true,powered=true,east=false,north=false,south=true,west=false": {
      "model": "minecraft:block/tripwire_attached_n0",
      "y": 180
    },
    "attached=true,powered=true,east=false,north=false,south=true,west=true": {
      "model": "minecraft:block/tripwire_attached_ne0",
      "y": 180
    },
    "attached=true,powered=true,east=false,north=true,south=false,west=false": {
      "model": "minecraft:block/tripwire_attached_n0"
    },
    "attached=true,powered=true,east=false,north=true,south=false,west=true": {
      "model": "minecraft:block/tripwire_attached_ne0",
      "y": 270
    },
    "attached=true,powered=true,east=false,north=true,south=true,west=false": {
      "model": "minecraft:block/tripwire_attached_ns0"
    },
    "attached=true,powered=true,east=false,north=true,south=true,west=true": {
      "model": "minecraft:block/tripwire_attached_nse0",
      "y": 180
    },
    "attached=true,powered=true,east=true,north=false,south=false,west=false": {
      "model": "minecraft:block/tripwire_attached_n0",
      "y": 90
    },
    "attached=true,powered=true,east=true,north=false,south=false,west=true": {
      "model": "minecraft:block/tripwire_attached_ns0",
      "y": 90
    },
    "attached=true,powered=true,east=true,north=false,south=true,west=false": {
      "model": "minecraft:block/tripwire_attached_ne0",
      "y": 90
    },
    "attached=true,powered=true,east=true,north=false,south=true,west=true": {
      "model": "minecraft:block/tripwire_attached_nse0",
      "y": 90
    },
    "attached=true,powered=true,east=true,north=true,south=false,west=false": {
      "model": "minecraft:block/tripwire_attached_ne0"
    },
    "attached=true,powered=true,east=true,north=true,south=false,west=true": {
      "model": "minecraft:block/tripwire_attached_nse0",
      "y": 270
    },
    "attached=true,powered=true,east=true,north=true,south=true,west=false": {
      "model": "minecraft:block/tripwire_attached_nse0"
    },
    "attached=true,powered=true,east=true,north=true,south=true,west=true": {
      "model": "minecraft:block/tripwire_attached_nsew0"
    }
  }
}